{"/LXNxHyefuUajKQCIrN2Iw==":"mbr-1920x1440.png","krQhURdpyHRwvSiCTAYepw==":"mbr-1256x838.jpg","bPea1FME58YDxZkUmaJRcw==":"mbr-596x397.jpg","wyZaTgR8X9VGejiCPXwvXw==":"mbr-1-596x397.jpg","Vc1xUkFyLcAR9N+01/9SPw==":"mbr-596x398.jpg","uFw90vyzVZ5gYQmyUIRbrQ==":"mbr-2-596x397.jpg","BbnwYTQ/mwRikIuzWrx5wQ==":"mbr-3-596x397.jpg","yj65sRuI116jFLEwblFzpQ==":"mbr-4-596x397.jpg","5oPK1SFHulevFYkrYKzJZA==":"mbr-596x447.jpg","avvqA70996b1K9wVBqlPyw==":"mbr-596x401.jpg","KonTLiEUyrslutBRFAYAsQ==":"mbr-596x401.jpeg","pOu5RVJOYUVtoRmCFCuY7Q==":"mbr-1920x1280.jpg","yhM3E1ZFr8dF18pJX8fqCw==":"mbr-1256x837.jpg","w83uDO7df7KKhPdDldUGYg==":"mbr-1-1920x1280.jpg","7+IaZveUPgj7KRGNlBTXbw==":"mbr-816x544.jpg","tCpP3Zby51T46L6MmgZSgA==":"mbr-1-816x544.jpg","lwgOQaWOCTYj+S01nb8m8g==":"mbr-816x524.jpg","8cRf2rMsVHRj++7zzvhg6w==":"mbr-198x198.jpg","hvxIYJbHmr3+Fqg1rCxUZQ==":"mbr-1256x829.jpg","BJl7kwQwYynMRBcgEs6Eng==":"bg.webp","kM/xvfytkLMwR0sTWYbfEA==":"logo-121x109.png","nCBTyftKGVRXnRMguCA+YA==":"logo-121x121.png","S9tGeP1qk9zBeSf4yAVpuA==":"partner-1.png","EoyMqbt6ZaQTdAwIRf5orQ==":"partner-3.png","N4vbm2OCZhFSQQK90x4WWQ==":"partner-2.png","gst0AluQahc9ZtgYpXSpNw==":"partner-4.png","qW0tLeqzcpnISj51yqewdA==":"partner-2.jpg","dJ2s2Wq7pjr9o7yIyyzDKA==":"wp.png","LUwI6oKxqCgFwg2oJhHDOw==":"partner-5.png","NhXQhPRCWpL6EYhJwAuFvQ==":"partner-6.png","SCriCHFexjCeQd/f5cn31w==":"logo-1.png","78p8ep2YP03wY7uF8bKZ6Q==":"logo-2.png","8Ex/Xpddqt2+swhRDMgD3g==":"cover1.webp","2dMhbmlLiY55bAlMabf72w==":"cover2.webp","iv2otP6g+MYp+GIZOFbcDQ==":"cover3.webp","NffhlY++GkqR7RkXGDWSlA==":"artikel1.png","Utb17jlq4lC4JihRdX/5+A==":"cover-domba.png","6xy2YEizRs0Fj0s3d7yzdw==":"cover-kambing.png","KDlLjknydugJnxIRPx8Azw==":"cover-sapi.png","F28TOquM4H9J5ipO5KYugw==":"cover-sapi-1.png","ae5AX0a0k1NYia6RJhl7kg==":"cover-kambing-1.png","Vb7GgbMoe0curpGYBParsg==":"background3.jpg","n1dx+NZv3qks526xC0hZ5Q==":"background13.jpg"}